time,count,activity
2026-04-07 18:14:24.265156,1,Low Activity
2026-04-07 18:16:26.815706,1,Low Activity
2026-04-07 18:25:17.247562,1,Low
2026-05-02 12:36:26.631867,1,Low
2026-05-02 12:36:27.086567,1,Low
2026-05-02 12:36:27.206268,1,Low
2026-05-02 12:36:27.331986,1,Low
2026-05-02 12:36:27.456880,0,Low
2026-05-02 12:36:27.577996,1,Low
2026-05-02 12:36:27.695299,1,Low
2026-05-02 12:36:27.811819,0,Low
2026-05-02 12:36:27.933929,0,Low
2026-05-02 12:36:28.041300,0,Low
2026-05-02 12:36:28.143420,0,Low
2026-05-02 12:36:28.255198,0,Low
2026-05-02 12:36:28.352745,0,Low
2026-05-02 12:36:28.462849,0,Low
2026-05-02 12:36:28.592669,0,Low
2026-05-02 12:36:28.713138,0,Low
2026-05-02 12:36:28.813510,0,Low
2026-05-02 12:36:28.925181,0,Low
2026-05-02 12:36:29.024972,0,Low
2026-05-02 12:36:29.112405,0,Low
2026-05-02 12:36:29.198495,0,Low
2026-05-02 12:36:29.312380,0,Low
2026-05-02 12:36:29.419364,0,Low
2026-05-02 12:36:29.516181,0,Low
2026-05-02 12:36:29.605894,0,Low
2026-05-02 12:36:29.698655,0,Low
2026-05-02 12:36:29.832626,0,Low
2026-05-02 12:36:29.951077,0,Low
2026-05-02 12:36:30.044111,0,Low
2026-05-02 12:36:30.136924,0,Low
2026-05-02 12:36:30.248205,0,Low
2026-05-02 12:36:30.336247,0,Low
2026-05-02 12:36:30.444184,0,Low
2026-05-02 12:36:30.549306,0,Low
2026-05-02 12:36:30.664208,0,Low
2026-05-02 12:36:30.778399,0,Low
2026-05-02 12:36:30.885456,0,Low
2026-05-02 12:36:30.988183,0,Low
2026-05-02 12:36:31.105042,0,Low
2026-05-02 12:36:31.209001,0,Low
2026-05-02 12:36:31.310502,1,Low
2026-05-02 12:36:31.420693,1,Low
2026-05-02 12:36:31.527723,1,Low
2026-05-02 12:36:31.617734,1,Low
2026-05-02 12:36:31.711238,0,Low
2026-05-02 12:36:31.813410,0,Low
2026-05-02 12:36:31.923834,1,Low
2026-05-02 12:36:32.024005,1,Low
2026-05-02 12:36:32.121493,0,Low
2026-05-02 12:36:32.230088,0,Low
2026-05-02 12:36:32.345264,0,Low
2026-05-02 12:36:32.452970,1,Low
2026-05-02 12:36:32.559980,0,Low
2026-05-02 12:36:32.673999,0,Low
2026-05-02 12:36:32.826354,0,Low
2026-05-02 12:36:33.066938,0,Low
2026-05-02 12:36:33.208409,0,Low
2026-05-02 12:36:33.364084,0,Low
2026-05-02 12:36:33.469662,0,Low
2026-05-02 12:36:33.601642,0,Low
2026-05-02 12:36:33.721059,0,Low
2026-05-02 12:36:33.847737,0,Low
2026-05-02 12:36:33.987821,1,Low
2026-05-02 12:36:34.104200,0,Low
2026-05-02 12:36:34.215719,0,Low
2026-05-02 12:36:34.330802,0,Low
2026-05-02 12:36:34.436916,0,Low
2026-05-02 12:36:34.524469,0,Low
2026-05-02 12:36:34.626031,0,Low
2026-05-02 12:36:34.731969,0,Low
2026-05-02 12:36:34.820218,0,Low
2026-05-02 12:36:34.910573,0,Low
2026-05-02 12:36:34.991368,0,Low
2026-05-02 12:36:35.089534,0,Low
2026-05-02 12:36:35.187161,0,Low
2026-05-02 12:36:35.310853,0,Low
2026-05-02 12:36:35.404283,0,Low
2026-05-02 12:36:35.518139,0,Low
2026-05-02 12:36:35.611768,0,Low
2026-05-02 12:36:35.702444,0,Low
2026-05-02 12:36:35.782005,0,Low
2026-05-02 12:36:35.876539,0,Low
2026-05-02 12:36:35.973649,0,Low
2026-05-02 12:36:36.070896,0,Low
2026-05-02 12:36:36.152242,0,Low
2026-05-02 12:36:36.256420,0,Low
2026-05-02 12:36:36.363369,0,Low
2026-05-02 12:36:36.473141,0,Low
2026-05-02 12:36:36.583581,0,Low
2026-05-02 12:36:36.673295,0,Low
2026-05-02 12:36:36.765911,0,Low
2026-05-02 12:36:36.858868,0,Low
2026-05-02 12:36:36.937339,0,Low
2026-05-02 12:36:37.041555,0,Low
2026-05-02 12:36:37.143376,0,Low
2026-05-02 12:36:37.226276,0,Low
2026-05-02 12:36:37.335322,0,Low
2026-05-02 12:36:37.435677,0,Low
2026-05-02 12:36:37.534349,0,Low
2026-05-02 12:36:37.629690,0,Low
2026-05-02 12:36:37.726322,0,Low
2026-05-02 12:36:37.844661,0,Low
2026-05-02 12:36:37.940644,0,Low
2026-05-02 12:36:38.013208,0,Low
2026-05-02 12:36:38.115217,0,Low
2026-05-02 12:36:38.217861,0,Low
2026-05-02 12:36:38.340813,1,Low
2026-05-02 12:36:38.441926,1,Low
2026-05-02 12:36:38.534091,1,Low
2026-05-02 12:36:38.646899,1,Low
2026-05-02 12:36:38.741035,1,Low
2026-05-02 12:36:38.834572,1,Low
2026-05-02 12:36:38.948,1,Low
2026-05-02 12:36:39.039206,1,Low
2026-05-02 12:36:39.150905,1,Low
2026-05-02 12:36:39.249431,1,Low
2026-05-02 12:36:39.354856,1,Low
2026-05-02 12:36:39.450673,0,Low
2026-05-02 12:36:39.589003,1,Low
2026-05-02 12:36:39.732104,0,Low
2026-05-02 12:36:39.829345,0,Low
2026-05-02 12:36:39.916664,0,Low
2026-05-02 12:36:40.017023,0,Low
2026-05-02 12:36:40.122364,0,Low
2026-05-02 12:36:40.279301,0,Low
2026-05-02 12:36:40.411964,0,Low
2026-05-02 12:36:40.547046,0,Low
2026-05-02 12:36:40.671236,0,Low
2026-05-02 12:36:40.806467,0,Low
2026-05-02 12:36:40.980420,0,Low
2026-05-02 12:36:41.127973,0,Low
2026-05-02 12:36:41.255745,0,Low
2026-05-02 12:36:41.462959,0,Low
2026-05-02 12:36:41.557916,0,Low
2026-05-02 12:36:41.660343,0,Low
2026-05-02 12:36:41.764576,0,Low
2026-05-02 12:36:41.868631,0,Low
2026-05-02 12:36:41.979237,0,Low
2026-05-02 12:36:42.094333,0,Low
2026-05-02 12:36:42.185583,0,Low
2026-05-02 12:36:42.278398,0,Low
2026-05-02 12:36:42.368967,0,Low
2026-05-02 12:36:42.480285,0,Low
2026-05-02 12:36:42.561371,0,Low
2026-05-02 12:36:42.668097,0,Low
2026-05-02 12:36:42.771878,0,Low
2026-05-02 12:36:42.880167,1,Low
2026-05-02 12:36:42.990812,0,Low
2026-05-02 12:36:43.098444,0,Low
2026-05-02 12:36:43.215772,0,Low
2026-05-02 12:36:43.333132,1,Low
2026-05-02 12:36:43.443429,0,Low
2026-05-02 12:36:43.546033,0,Low
2026-05-02 12:36:43.663118,0,Low
2026-05-02 12:36:43.778079,0,Low
2026-05-02 12:36:43.886529,0,Low
2026-05-02 12:36:43.993314,0,Low
2026-05-02 12:36:44.101222,0,Low
2026-05-02 12:36:44.207160,0,Low
2026-05-02 12:36:44.328325,1,Low
2026-05-02 12:36:44.429413,0,Low
2026-05-02 12:36:44.562851,0,Low
2026-05-02 12:36:44.668251,1,Low
2026-05-02 12:36:44.797840,0,Low
2026-05-02 12:36:44.935634,0,Low
2026-05-02 12:36:45.065180,1,Low
2026-05-02 12:36:45.186903,1,Low
2026-05-02 12:36:45.324395,0,Low
2026-05-02 12:36:45.442503,1,Low
2026-05-02 12:36:45.575620,1,Low
2026-05-02 12:36:45.709627,1,Low
2026-05-02 12:36:45.826740,1,Low
2026-05-02 12:36:45.951332,1,Low
2026-05-02 12:36:46.087968,1,Low
2026-05-02 12:36:46.216423,1,Low
2026-05-02 12:36:46.365068,1,Low
2026-05-02 12:36:46.510078,1,Low
2026-05-02 12:36:46.625646,1,Low
2026-05-02 12:36:46.726861,0,Low
2026-05-02 12:36:46.846408,0,Low
2026-05-02 12:36:47.070435,0,Low
2026-05-02 12:36:47.208688,0,Low
2026-05-02 12:36:47.338695,0,Low
2026-05-02 12:36:47.486268,0,Low
2026-05-02 12:36:47.601348,0,Low
2026-05-02 12:36:47.719364,0,Low
2026-05-02 12:36:47.853820,0,Low
2026-05-02 12:36:47.982732,0,Low
2026-05-02 12:36:48.108122,0,Low
2026-05-02 12:36:48.218867,0,Low
2026-05-02 12:36:48.335522,0,Low
2026-05-02 12:36:48.477089,0,Low
2026-05-02 12:36:48.604493,0,Low
2026-05-02 12:36:48.733994,0,Low
2026-05-02 12:36:48.842936,0,Low
2026-05-02 12:36:48.959554,0,Low
2026-05-02 12:36:49.075168,0,Low
2026-05-02 12:36:49.187302,0,Low
2026-05-02 12:36:49.306003,1,Low
2026-05-02 12:36:49.452414,0,Low
2026-05-02 12:36:49.580312,1,Low
2026-05-02 12:36:49.722031,1,Low
2026-05-02 12:36:49.835010,1,Low
2026-05-02 12:36:50.019996,1,Low
2026-05-02 12:36:50.137611,1,Low
2026-05-02 12:36:50.291548,1,Low
2026-05-02 12:36:50.424898,1,Low
2026-05-02 12:36:50.571288,1,Low
2026-05-02 12:36:50.697301,1,Low
2026-05-02 12:36:50.798153,0,Low
2026-05-02 12:36:50.920291,1,Low
2026-05-02 12:36:51.042461,1,Low
2026-05-02 12:36:51.138414,0,Low
2026-05-02 12:36:51.251657,1,Low
2026-05-02 12:36:51.374654,1,Low
2026-05-02 12:36:51.470449,1,Low
2026-05-02 12:36:51.573630,0,Low
2026-05-02 12:36:51.672493,0,Low
2026-05-02 12:36:51.797836,1,Low
2026-05-02 12:36:51.915406,1,Low
2026-05-02 12:36:52.013215,1,Low
2026-05-02 12:36:52.119152,1,Low
2026-05-02 12:36:52.225953,1,Low
2026-05-02 12:36:52.422085,1,Low
2026-05-02 12:36:52.540413,1,Low
2026-05-02 12:36:52.654798,1,Low
2026-05-02 12:36:52.766526,1,Low
2026-05-02 12:36:52.872643,0,Low
2026-05-02 12:36:52.989343,1,Low
2026-05-02 12:36:53.102446,2,Low
2026-05-02 12:36:53.203179,1,Low
2026-05-02 12:36:53.292571,1,Low
2026-05-02 12:36:53.403634,1,Low
2026-05-02 12:36:53.489384,1,Low
2026-05-02 12:36:53.601209,1,Low
2026-05-02 12:36:53.704293,1,Low
2026-05-02 12:36:53.823648,1,Low
2026-05-02 12:36:53.937879,1,Low
2026-05-02 12:36:54.033679,1,Low
2026-05-02 12:36:54.140159,1,Low
2026-05-02 12:36:54.246881,1,Low
2026-05-02 12:36:54.378348,2,Low
2026-05-02 12:36:54.488361,1,Low
2026-05-02 12:36:54.592941,2,Low
2026-05-02 12:36:54.708222,1,Low
2026-05-02 12:36:54.824370,1,Low
2026-05-02 12:36:54.935220,2,Low
2026-05-02 12:36:55.045900,1,Low
2026-05-02 12:36:55.151102,2,Low
2026-05-02 12:36:55.288391,1,Low
2026-05-02 12:36:55.410877,1,Low
2026-05-02 12:36:55.547098,1,Low
2026-05-02 12:36:55.646595,1,Low
2026-05-02 12:36:55.746294,1,Low
2026-05-02 12:36:55.869431,1,Low
2026-05-02 12:36:55.970794,1,Low
2026-05-02 12:36:56.083170,1,Low
2026-05-02 12:36:56.197503,1,Low
2026-05-02 12:36:56.290404,1,Low
2026-05-02 12:36:56.401356,1,Low
2026-05-02 12:36:56.514441,1,Low
2026-05-02 12:36:56.633795,1,Low
2026-05-02 12:36:56.748857,1,Low
2026-05-02 12:36:56.855883,1,Low
2026-05-02 12:36:56.965167,1,Low
2026-05-02 12:36:57.057867,0,Low
2026-05-02 12:36:57.174015,1,Low
2026-05-02 12:36:57.280306,1,Low
2026-05-02 12:36:57.369725,2,Low
2026-05-02 12:36:57.489812,1,Low
2026-05-02 12:36:57.597535,1,Low
2026-05-02 12:36:57.707883,1,Low
2026-05-02 12:36:57.822024,1,Low
2026-05-02 12:36:57.923595,1,Low
2026-05-02 12:36:58.021349,1,Low
2026-05-02 12:36:58.120814,1,Low
2026-05-02 12:36:58.222179,1,Low
2026-05-02 12:36:58.377564,0,Low
2026-05-02 12:36:58.494582,1,Low
2026-05-02 12:36:58.606886,1,Low
2026-05-02 12:36:58.710722,1,Low
2026-05-02 12:36:58.835502,1,Low
2026-05-02 12:36:58.999454,1,Low
2026-05-02 12:36:59.170515,1,Low
2026-05-02 12:36:59.322197,1,Low
2026-05-02 12:36:59.486127,1,Low
2026-05-02 12:36:59.618492,1,Low
2026-05-02 12:36:59.804343,1,Low
2026-05-02 12:37:00.004909,1,Low
2026-05-02 12:37:00.170809,1,Low
2026-05-02 12:37:00.285751,1,Low
2026-05-02 12:37:00.399039,1,Low
2026-05-02 12:37:00.521303,1,Low
2026-05-02 12:37:00.649181,1,Low
2026-05-02 12:37:00.761471,1,Low
2026-05-02 12:37:00.857773,1,Low
2026-05-02 12:37:00.975375,1,Low
2026-05-02 12:37:01.108678,2,Low
2026-05-02 12:37:01.188933,1,Low
2026-05-02 12:37:01.305203,1,Low
2026-05-02 12:37:01.397630,1,Low
2026-05-02 12:37:01.511171,1,Low
2026-05-02 12:37:01.629639,1,Low
2026-05-02 12:37:01.761309,1,Low
2026-05-02 12:37:01.867701,1,Low
2026-05-02 12:37:01.984146,2,Low
2026-05-02 12:37:02.107363,1,Low
2026-05-02 12:37:02.224005,1,Low
2026-05-02 12:37:02.335877,1,Low
2026-05-02 12:37:02.456031,1,Low
2026-05-02 12:37:02.588628,1,Low
2026-05-02 12:37:02.693960,1,Low
2026-05-02 12:37:02.817486,1,Low
2026-05-02 12:37:02.932269,0,Low
2026-05-02 12:37:03.043462,0,Low
2026-05-02 12:37:03.172322,0,Low
2026-05-02 12:37:03.278061,0,Low
2026-05-02 12:37:03.385154,0,Low
2026-05-02 12:37:03.488044,0,Low
2026-05-02 12:37:03.605192,0,Low
2026-05-02 12:37:03.720385,0,Low
2026-05-02 12:37:03.827075,0,Low
2026-05-02 12:37:03.932074,0,Low
2026-05-02 12:37:04.057774,0,Low
2026-05-02 12:37:04.170196,0,Low
2026-05-02 12:37:04.288318,0,Low
2026-05-02 12:37:04.404609,0,Low
2026-05-02 12:37:04.521090,0,Low
2026-05-02 12:37:04.637978,0,Low
2026-05-02 12:37:04.743023,0,Low
2026-05-02 12:37:04.843025,0,Low
2026-05-02 12:37:04.966202,0,Low
2026-05-02 12:37:05.072694,0,Low
2026-05-02 12:37:05.170723,0,Low
2026-05-02 12:37:05.293922,0,Low
2026-05-02 12:37:05.411649,1,Low
2026-05-02 12:37:05.538048,1,Low
2026-05-02 12:37:05.641549,2,Low
2026-05-02 12:37:05.796241,1,Low
2026-05-02 12:37:05.952590,1,Low
2026-05-02 12:37:06.045888,1,Low
2026-05-02 12:37:06.145738,1,Low
2026-05-02 12:37:06.264455,1,Low
2026-05-02 12:37:06.388983,1,Low
2026-05-02 12:37:06.497349,1,Low
2026-05-02 12:37:06.597727,1,Low
2026-05-02 12:37:06.695650,1,Low
2026-05-02 12:37:06.833002,1,Low
2026-05-02 12:37:06.937107,1,Low
2026-05-02 12:37:07.039544,1,Low
2026-05-02 12:37:07.128917,1,Low
2026-05-02 12:37:07.242735,1,Low
2026-05-02 12:37:07.326795,1,Low
2026-05-02 12:37:07.446728,1,Low
2026-05-02 12:37:07.564047,1,Low
2026-05-02 12:37:07.688252,1,Low
2026-05-02 12:37:07.779844,1,Low
2026-05-02 12:37:07.922560,1,Low
2026-05-02 12:37:08.026806,1,Low
2026-05-02 12:37:08.156248,1,Low
2026-05-02 12:37:08.251564,1,Low
2026-05-02 12:37:08.433096,1,Low
2026-05-02 12:37:08.526755,1,Low
2026-05-02 12:37:08.636907,1,Low
2026-05-02 12:37:08.757212,1,Low
2026-05-02 12:37:08.872539,1,Low
2026-05-02 12:37:08.987692,0,Low
2026-05-02 12:37:09.109614,0,Low
2026-05-02 12:37:09.234595,0,Low
2026-05-02 12:37:09.341844,0,Low
2026-05-02 12:37:09.466251,0,Low
2026-05-02 12:37:09.571489,0,Low
2026-05-02 12:37:09.716387,0,Low
2026-05-02 12:37:09.831764,0,Low
2026-05-02 12:37:09.946978,1,Low
2026-05-02 12:37:10.039200,0,Low
2026-05-02 12:37:10.188746,0,Low
2026-05-02 12:37:10.255462,0,Low
2026-05-02 12:37:10.310287,0,Low
2026-05-02 12:37:10.359632,0,Low
2026-05-02 12:37:10.402768,0,Low
2026-05-02 12:37:10.470851,1,Low
2026-05-02 12:37:10.527472,1,Low
2026-05-02 12:37:10.592055,1,Low
2026-05-02 12:37:10.639088,1,Low
2026-05-02 12:37:10.690493,1,Low
2026-05-02 12:37:10.750110,1,Low
2026-05-02 12:37:10.806413,1,Low
2026-05-02 12:37:10.859285,0,Low
2026-05-02 12:37:10.923127,0,Low
2026-05-02 12:37:10.985475,1,Low
2026-05-02 12:37:11.052995,0,Low
2026-05-02 12:37:11.119543,0,Low
2026-05-02 12:37:11.175736,1,Low
2026-05-02 12:37:11.236120,1,Low
2026-05-02 12:37:11.290591,1,Low
2026-05-02 12:37:11.352648,1,Low
2026-05-02 12:37:11.416032,0,Low
2026-05-02 12:37:11.473128,0,Low
2026-05-02 12:37:11.534082,0,Low
2026-05-02 12:37:11.599990,1,Low
2026-05-02 12:37:11.664410,1,Low
2026-05-02 12:37:11.718557,1,Low
2026-05-02 12:37:11.775373,0,Low
2026-05-02 12:37:11.836166,0,Low
2026-05-02 12:37:11.892081,1,Low
2026-05-02 12:37:11.950208,1,Low
2026-05-02 12:37:12.009680,1,Low
2026-05-02 12:37:12.085549,1,Low
2026-05-02 12:37:12.168338,1,Low
2026-05-02 12:37:12.334992,1,Low
2026-05-02 12:37:12.388089,1,Low
2026-05-02 12:37:12.447156,1,Low
2026-05-02 12:37:12.500087,1,Low
2026-05-02 12:37:12.589478,1,Low
2026-05-02 12:37:12.667438,1,Low
2026-05-02 12:37:12.737642,1,Low
2026-05-02 12:37:12.795723,1,Low
2026-05-02 12:37:12.881355,1,Low
2026-05-02 12:37:12.945489,1,Low
2026-05-02 12:37:12.995669,1,Low
2026-05-02 12:37:13.048929,1,Low
2026-05-02 12:37:13.109038,1,Low
2026-05-02 12:37:13.162469,1,Low
2026-05-02 12:37:13.221391,1,Low
2026-05-02 12:37:13.286906,1,Low
2026-05-02 12:37:13.331032,0,Low
2026-05-02 12:37:13.470593,1,Low
2026-05-02 12:37:13.591824,1,Low
2026-05-02 12:37:13.702728,1,Low
2026-05-02 12:37:13.803527,1,Low
2026-05-02 12:37:13.904263,1,Low
2026-05-02 12:37:14.011079,1,Low
2026-05-02 12:37:14.123767,1,Low
2026-05-02 12:37:14.217959,1,Low
2026-05-02 12:37:14.342098,1,Low
2026-05-02 12:37:14.464796,1,Low
2026-05-02 12:37:14.579487,1,Low
2026-05-02 12:37:14.720520,1,Low
2026-05-02 12:37:14.860206,1,Low
2026-05-02 12:37:15.013374,1,Low
2026-05-02 12:37:15.178304,1,Low
2026-05-02 12:37:15.362343,0,Low
2026-05-02 12:37:15.551464,0,Low
2026-05-02 12:37:15.728679,0,Low
2026-05-02 12:37:15.893865,0,Low
2026-05-02 12:37:15.998740,0,Low
2026-05-02 12:37:16.121913,0,Low
2026-05-02 12:37:16.240689,0,Low
2026-05-02 12:37:16.365498,0,Low
2026-05-02 12:37:16.489298,0,Low
2026-05-02 12:37:16.609975,0,Low
2026-05-02 12:37:16.720319,0,Low
2026-05-02 12:37:16.852013,0,Low
2026-05-02 12:37:16.966059,0,Low
2026-05-02 12:37:17.076744,0,Low
2026-05-02 12:37:17.174333,0,Low
2026-05-02 12:37:17.281837,0,Low
2026-05-02 12:37:17.399877,0,Low
2026-05-02 12:37:17.505516,0,Low
2026-05-02 12:37:17.623482,0,Low
2026-05-02 12:37:17.725225,0,Low
2026-05-02 12:37:17.825411,0,Low
2026-05-02 12:37:17.947674,0,Low
2026-05-02 12:37:18.059875,0,Low
2026-05-02 12:37:18.158530,0,Low
2026-05-02 12:37:18.260883,0,Low
2026-05-02 12:37:18.378142,0,Low
2026-05-02 12:37:18.473321,0,Low
2026-05-02 12:37:18.585143,1,Low
2026-05-02 12:37:18.693513,1,Low
2026-05-02 12:37:18.791421,1,Low
2026-05-02 12:37:18.917447,1,Low
2026-05-02 12:37:19.032433,1,Low
2026-05-02 12:37:19.139210,1,Low
2026-05-02 12:37:19.247426,1,Low
2026-05-02 12:37:19.363238,1,Low
2026-05-02 12:37:19.466008,1,Low
2026-05-02 12:37:19.579711,1,Low
2026-05-02 12:37:19.688038,0,Low
2026-05-02 12:37:19.800173,0,Low
2026-05-02 12:37:19.905310,0,Low
2026-05-02 12:37:20.009662,0,Low
2026-05-02 12:37:20.127265,0,Low
2026-05-02 12:37:20.237860,0,Low
2026-05-02 12:37:20.355719,1,Low
2026-05-02 12:37:20.470213,1,Low
2026-05-02 12:37:20.592045,1,Low
2026-05-02 12:37:20.706794,1,Low
2026-05-02 12:37:20.822721,0,Low
2026-05-02 12:37:20.928498,0,Low
2026-05-02 12:37:21.041175,0,Low
2026-05-02 12:37:21.141160,0,Low
2026-05-02 12:37:21.241323,0,Low
2026-05-02 12:37:21.357065,0,Low
2026-05-02 12:37:21.452063,0,Low
2026-05-02 12:37:21.553482,0,Low
2026-05-02 12:37:21.666040,0,Low
2026-05-02 12:37:21.771243,0,Low
2026-05-02 12:37:21.894800,0,Low
2026-05-02 12:37:21.998195,1,Low
2026-05-02 12:37:22.098538,0,Low
2026-05-02 12:37:22.217300,0,Low
2026-05-02 12:37:22.315373,0,Low
2026-05-02 12:37:22.407906,0,Low
2026-05-02 12:37:22.525158,0,Low
2026-05-02 12:37:22.627128,0,Low
2026-05-02 12:37:22.754906,0,Low
2026-05-02 12:37:22.876210,0,Low
2026-05-02 12:37:23.005470,0,Low
2026-05-02 12:37:23.123605,0,Low
2026-05-02 12:37:23.223788,0,Low
2026-05-02 12:37:23.354204,0,Low
2026-05-02 12:37:23.459483,1,Low
2026-05-02 12:37:23.577445,0,Low
2026-05-02 12:37:23.724875,0,Low
2026-05-02 12:37:23.859277,0,Low
2026-05-02 12:37:23.981338,0,Low
2026-05-02 12:37:24.096807,0,Low
2026-05-02 12:37:24.210997,0,Low
2026-05-02 12:37:24.310116,0,Low
2026-05-02 12:37:24.393891,0,Low
2026-05-02 12:37:24.495776,0,Low
2026-05-02 12:37:24.604427,0,Low
2026-05-02 12:37:24.721023,0,Low
2026-05-02 12:37:24.838302,0,Low
2026-05-02 12:37:24.933678,0,Low
2026-05-02 12:37:25.023714,0,Low
2026-05-02 12:37:25.134588,0,Low
2026-05-02 12:37:25.238743,0,Low
2026-05-02 12:37:25.346379,0,Low
2026-05-02 12:37:25.436383,0,Low
2026-05-02 12:37:25.541151,0,Low
2026-05-02 12:37:25.650941,0,Low
2026-05-02 12:37:25.767254,1,Low
2026-05-02 12:37:25.939626,0,Low
2026-05-02 12:37:26.040865,0,Low
2026-05-02 12:37:26.134287,0,Low
2026-05-02 12:37:26.218649,0,Low
2026-05-02 12:37:26.299642,0,Low
2026-05-02 12:37:26.400033,1,Low
2026-05-02 12:37:26.491122,1,Low
2026-05-02 12:37:26.591008,0,Low
2026-05-02 12:37:26.704379,0,Low
2026-05-02 12:37:26.812294,1,Low
2026-05-02 12:37:26.934645,0,Low
2026-05-02 12:37:27.039294,0,Low
2026-05-02 12:37:27.146784,0,Low
2026-05-02 12:37:27.249544,1,Low
2026-05-02 12:37:27.352539,1,Low
2026-05-02 12:37:27.439887,1,Low
2026-05-02 12:37:27.543499,0,Low
2026-05-02 12:37:27.650034,0,Low
2026-05-02 12:37:27.774092,0,Low
2026-05-02 12:37:27.882680,0,Low
2026-05-02 12:37:27.963505,0,Low
2026-05-02 12:37:28.063281,0,Low
2026-05-02 12:37:28.150976,0,Low
2026-05-02 12:37:28.250492,0,Low
2026-05-02 12:37:28.350018,0,Low
2026-05-02 12:37:28.448109,0,Low
2026-05-02 12:37:28.548203,0,Low
2026-05-02 12:37:28.659273,0,Low
2026-05-02 12:37:28.770790,0,Low
2026-05-02 12:37:28.873127,0,Low
2026-05-02 12:37:28.958581,0,Low
2026-05-02 12:37:29.062372,0,Low
2026-05-02 12:37:29.175714,0,Low
2026-05-02 12:37:29.286084,0,Low
2026-05-02 12:37:29.381758,0,Low
2026-05-02 12:37:29.483545,0,Low
2026-05-02 12:37:29.594825,0,Low
2026-05-02 12:37:29.704456,0,Low
2026-05-02 12:37:29.813748,0,Low
2026-05-02 12:37:29.953141,0,Low
2026-05-02 12:37:30.117819,0,Low
2026-05-02 12:37:30.289140,0,Low
2026-05-02 12:37:30.458644,0,Low
2026-05-02 12:37:30.598945,0,Low
2026-05-02 12:37:30.777188,0,Low
2026-05-02 12:37:30.948713,0,Low
2026-05-02 12:37:31.098139,1,Low
2026-05-02 12:37:31.300601,1,Low
2026-05-02 12:37:31.410304,1,Low
2026-05-02 12:37:31.522809,1,Low
2026-05-02 12:37:31.623338,1,Low
2026-05-02 12:37:31.742233,1,Low
2026-05-02 12:37:31.841436,0,Low
2026-05-02 12:37:31.937293,1,Low
2026-05-02 12:37:32.041907,1,Low
2026-05-02 12:37:32.138363,1,Low
2026-05-02 12:37:32.244535,1,Low
2026-05-02 12:37:32.348572,0,Low
2026-05-02 12:37:32.453026,0,Low
2026-05-02 12:37:32.569799,1,Low
2026-05-02 12:37:32.682934,1,Low
2026-05-02 12:37:32.775096,1,Low
2026-05-02 12:37:32.893062,0,Low
2026-05-02 12:37:33.000460,1,Low
2026-05-02 12:37:33.113385,1,Low
2026-05-02 12:37:33.233107,0,Low
2026-05-02 12:37:33.345286,1,Low
2026-05-02 12:37:33.471656,1,Low
2026-05-02 12:37:33.567957,0,Low
2026-05-02 12:37:33.667553,0,Low
2026-05-02 12:37:33.776485,1,Low
2026-05-02 12:37:33.886304,1,Low
2026-05-02 12:37:34.004957,1,Low
2026-05-02 12:37:34.124065,1,Low
2026-05-02 12:37:34.232913,1,Low
2026-05-02 12:37:34.340737,1,Low
2026-05-02 12:37:34.447815,0,Low
2026-05-02 12:37:34.540035,0,Low
2026-05-02 12:37:34.644691,1,Low
2026-05-02 12:37:34.747254,1,Low
2026-05-02 12:37:34.856416,1,Low
2026-05-02 12:37:34.965377,0,Low
2026-05-02 12:37:35.066449,0,Low
2026-05-02 12:37:35.170629,1,Low
2026-05-02 12:37:35.279053,0,Low
2026-05-02 12:37:35.373124,0,Low
2026-05-02 12:37:35.472673,0,Low
2026-05-02 12:37:35.573611,0,Low
2026-05-02 12:37:35.681734,1,Low
2026-05-02 12:37:35.792146,1,Low
2026-05-02 12:37:35.986847,1,Low
2026-05-02 12:37:36.085309,0,Low
2026-05-02 12:37:36.182244,1,Low
2026-05-02 12:37:36.295920,1,Low
2026-05-02 12:37:36.396403,1,Low
2026-05-02 12:37:36.493868,1,Low
2026-05-02 12:37:36.596855,0,Low
2026-05-02 12:37:36.700335,0,Low
2026-05-02 12:37:36.813793,0,Low
2026-05-02 12:37:36.937077,1,Low
2026-05-02 12:37:37.055943,0,Low
2026-05-02 12:37:37.173729,1,Low
2026-05-02 12:37:37.292489,1,Low
2026-05-02 12:37:37.372858,1,Low
2026-05-02 12:37:37.475844,0,Low
2026-05-02 12:37:37.606198,0,Low
2026-05-02 12:37:37.774537,1,Low
2026-05-02 12:37:37.965757,1,Low
2026-05-02 12:37:38.129033,0,Low
2026-05-02 12:37:38.324194,0,Low
2026-05-02 12:37:38.482121,0,Low
2026-05-02 12:37:38.606169,0,Low
2026-05-02 12:37:38.759773,0,Low
2026-05-02 12:37:38.876639,0,Low
2026-05-02 12:37:38.991317,0,Low
2026-05-02 12:37:39.091281,0,Low
2026-05-02 12:37:39.193396,0,Low
2026-05-02 12:37:39.302847,0,Low
2026-05-02 12:37:39.408191,0,Low
2026-05-02 12:37:39.509721,0,Low
2026-05-02 12:37:39.603664,0,Low
2026-05-02 12:37:39.706367,0,Low
2026-05-02 12:37:39.810250,0,Low
2026-05-02 12:37:39.925377,0,Low
2026-05-02 12:37:40.037203,0,Low
2026-05-02 12:37:40.136975,0,Low
2026-05-02 12:37:40.248743,0,Low
2026-05-02 12:37:40.363637,0,Low
2026-05-02 12:37:40.467764,0,Low
2026-05-02 12:37:40.579458,0,Low
2026-05-02 12:37:40.685747,0,Low
2026-05-02 12:37:40.794204,0,Low
2026-05-02 12:37:40.904496,0,Low
2026-05-02 12:37:41.011126,0,Low
2026-05-02 12:37:41.112813,0,Low
2026-05-02 12:37:41.325628,0,Low
2026-05-02 12:37:41.424832,0,Low
2026-05-02 12:37:41.528390,0,Low
2026-05-02 12:37:41.638398,0,Low
2026-05-02 12:37:41.746871,0,Low
2026-05-02 12:37:41.851803,0,Low
2026-05-02 12:37:41.957037,0,Low
2026-05-02 12:37:42.073955,0,Low
2026-05-02 12:37:42.176197,0,Low
2026-05-02 12:37:42.291075,0,Low
2026-05-02 12:37:42.395734,1,Low
2026-05-02 12:37:42.486861,0,Low
2026-05-02 12:37:42.572248,0,Low
2026-05-02 12:37:42.671348,1,Low
2026-05-02 12:37:42.764977,1,Low
2026-05-02 12:37:42.865877,0,Low
2026-05-02 12:37:42.951530,1,Low
2026-05-02 12:37:43.041766,1,Low
2026-05-02 12:37:43.134908,0,Low
2026-05-02 12:37:43.235325,0,Low
2026-05-02 12:37:43.319003,0,Low
2026-05-02 12:37:43.419017,0,Low
2026-05-02 12:37:43.503658,0,Low
2026-05-02 12:37:43.691095,0,Low
2026-05-02 12:37:43.810803,0,Low
2026-05-02 12:37:43.917540,0,Low
2026-05-02 12:37:44.008634,0,Low
2026-05-02 12:37:44.110714,0,Low
2026-05-02 12:37:44.202126,0,Low
2026-05-02 12:37:44.322405,0,Low
2026-05-02 12:37:44.432521,0,Low
2026-05-02 12:37:44.539118,0,Low
2026-05-02 12:37:44.647815,0,Low
2026-05-02 12:37:44.767892,0,Low
2026-05-02 12:37:44.921744,1,Low
2026-05-02 12:37:45.032512,1,Low
2026-05-02 12:37:45.150397,1,Low
2026-05-02 12:37:45.304816,1,Low
2026-05-02 12:37:45.455578,0,Low
2026-05-02 12:37:45.621174,0,Low
2026-05-02 12:37:45.739710,0,Low
2026-05-02 12:37:45.922336,0,Low
2026-05-02 12:37:46.115308,0,Low
2026-05-02 12:37:46.291255,0,Low
2026-05-02 12:37:46.431770,0,Low
2026-05-02 12:37:46.542093,0,Low
2026-05-02 12:37:46.642309,0,Low
2026-05-02 12:37:46.800838,0,Low
2026-05-02 12:37:46.921503,0,Low
2026-05-02 12:37:47.020109,0,Low
2026-05-02 12:37:47.131304,0,Low
2026-05-02 12:37:47.236840,0,Low
2026-05-02 12:37:47.330059,0,Low
2026-05-02 12:37:47.418839,0,Low
2026-05-02 12:37:47.526925,0,Low
2026-05-02 12:37:47.634061,0,Low
2026-05-02 12:37:47.757418,0,Low
2026-05-02 12:37:47.871767,0,Low
2026-05-02 12:37:47.976265,0,Low
2026-05-02 12:37:48.085682,0,Low
2026-05-02 12:37:48.195162,0,Low
2026-05-02 12:37:48.313766,0,Low
2026-05-02 12:37:48.414092,0,Low
2026-05-02 12:37:48.517832,0,Low
2026-05-02 12:37:48.620674,0,Low
2026-05-02 12:37:48.733785,0,Low
2026-05-02 12:37:48.832390,0,Low
2026-05-02 12:37:48.935759,0,Low
2026-05-02 12:37:49.042678,0,Low
2026-05-02 12:37:49.146455,0,Low
2026-05-02 12:37:49.256232,0,Low
2026-05-02 12:37:49.361131,0,Low
2026-05-02 12:37:49.481595,0,Low
2026-05-02 12:37:49.590589,0,Low
2026-05-02 12:37:49.695814,0,Low
2026-05-02 12:37:49.806745,0,Low
2026-05-02 12:37:49.933336,0,Low
2026-05-02 12:37:50.032490,0,Low
2026-05-02 12:37:50.151317,0,Low
2026-05-02 12:37:50.256296,0,Low
2026-05-02 12:37:50.374341,0,Low
2026-05-02 12:37:50.493539,0,Low
2026-05-02 12:37:50.595789,0,Low
2026-05-02 12:37:50.701115,0,Low
2026-05-02 12:37:50.798063,0,Low
2026-05-02 12:37:50.912529,0,Low
2026-05-02 12:37:51.057943,0,Low
2026-05-02 12:37:51.148781,0,Low
2026-05-02 12:37:51.251821,0,Low
2026-05-02 12:37:51.360331,0,Low
2026-05-02 12:37:51.560013,0,Low
2026-05-02 12:37:51.660914,0,Low
2026-05-02 12:37:51.752609,1,Low
2026-05-02 12:37:51.857768,1,Low
2026-05-02 12:37:51.960243,1,Low
2026-05-02 12:37:52.066699,1,Low
2026-05-02 12:37:52.160265,0,Low
2026-05-02 12:37:52.261833,1,Low
2026-05-02 12:37:52.374035,1,Low
2026-05-02 12:37:52.482595,0,Low
2026-05-02 12:37:52.599266,0,Low
2026-05-02 12:37:52.694067,0,Low
2026-05-02 12:37:52.800760,0,Low
2026-05-02 12:37:52.908507,0,Low
2026-05-02 12:37:53.116912,0,Low
2026-05-02 12:37:53.330707,0,Low
2026-05-02 12:37:53.496082,1,Low
2026-05-02 12:37:53.659141,0,Low
2026-05-02 12:37:53.813820,0,Low
2026-05-02 12:37:53.961484,0,Low
2026-05-02 12:37:54.130362,0,Low
2026-05-02 12:37:54.232784,0,Low
2026-05-02 12:37:54.334894,0,Low
2026-05-02 12:37:54.452043,0,Low
2026-05-02 12:37:54.571649,0,Low
2026-05-02 12:37:54.687315,0,Low
2026-05-02 12:37:54.850481,0,Low
2026-05-02 12:37:54.953585,0,Low
2026-05-02 12:37:55.032868,0,Low
2026-05-02 12:37:55.126797,0,Low
2026-05-02 12:37:55.233574,0,Low
2026-05-02 12:37:55.344691,0,Low
2026-05-02 12:37:55.496069,0,Low
2026-05-02 12:37:55.602164,0,Low
2026-05-02 12:37:55.701914,0,Low
2026-05-02 12:37:55.782804,0,Low
2026-05-02 12:37:55.887389,0,Low
2026-05-02 12:37:56.061691,0,Low
2026-05-02 12:37:56.167133,0,Low
2026-05-02 12:37:56.261298,0,Low
2026-05-02 12:37:56.388529,0,Low
2026-05-02 12:37:56.499016,0,Low
2026-05-02 12:37:56.596862,0,Low
2026-05-02 12:37:56.699265,0,Low
2026-05-02 12:37:56.876813,0,Low
2026-05-02 12:37:57.013636,0,Low
2026-05-02 12:37:57.129552,0,Low
2026-05-02 12:37:57.274610,0,Low
2026-05-02 12:48:03.225877,0,Low
2026-05-02 12:48:03.605761,0,Low
2026-05-02 12:48:03.957157,0,Low
2026-05-02 12:48:04.193283,0,Low
2026-05-02 12:48:04.491937,0,Low
2026-05-02 12:48:04.802052,0,Low
2026-05-02 12:48:05.073361,0,Low
2026-05-02 12:48:05.370191,0,Low
2026-05-02 12:48:05.661249,0,Low
2026-05-02 12:48:05.962653,0,Low
2026-05-02 12:48:06.268905,0,Low
2026-05-02 12:48:06.552320,0,Low
2026-05-02 12:48:06.839835,0,Low
2026-05-02 12:48:07.101813,0,Low
2026-05-02 12:48:07.396945,0,Low
2026-05-02 12:48:07.674496,0,Low
2026-05-02 12:48:07.962140,0,Low
2026-05-02 12:48:08.264397,0,Low
2026-05-02 12:48:08.546483,0,Low
2026-05-02 12:48:08.859217,0,Low
2026-05-02 12:48:09.138105,0,Low
2026-05-02 12:48:09.430747,0,Low
2026-05-02 12:48:09.719952,0,Low
2026-05-02 12:48:10.018688,0,Low
2026-05-02 12:48:10.395747,0,Low
2026-05-02 12:48:10.685610,0,Low
2026-05-02 12:48:10.967348,0,Low
2026-05-02 12:48:11.248854,0,Low
2026-05-02 12:48:11.569196,0,Low
2026-05-02 12:48:11.863685,0,Low
2026-05-02 12:48:12.162424,0,Low
2026-05-02 12:48:12.462040,0,Low
2026-05-02 12:48:12.754495,0,Low
2026-05-02 12:48:13.088120,1,Low
2026-05-02 12:48:13.374082,0,Low
2026-05-02 12:48:13.662784,0,Low
2026-05-02 12:48:13.936445,0,Low
2026-05-02 12:48:14.248220,0,Low
2026-05-02 12:48:14.544674,0,Low
2026-05-02 12:48:14.828222,0,Low
2026-05-02 12:48:15.106327,0,Low
2026-05-02 12:48:15.384156,0,Low
2026-05-02 12:48:15.658595,0,Low
2026-05-02 12:48:15.934773,0,Low
2026-05-02 12:48:16.209396,0,Low
2026-05-02 12:48:16.486954,0,Low
2026-05-02 12:48:16.761482,0,Low
2026-05-02 12:48:17.041647,0,Low
2026-05-02 12:48:17.331014,0,Low
2026-05-02 12:48:17.704026,0,Low
2026-05-02 12:48:18.001747,0,Low
2026-05-02 12:48:18.267201,0,Low
2026-05-02 12:48:18.552867,0,Low
2026-05-02 12:48:18.854659,0,Low
2026-05-02 12:48:19.120234,0,Low
2026-05-02 12:48:19.387338,0,Low
2026-05-02 12:48:19.675464,0,Low
2026-05-02 12:48:19.965384,0,Low
2026-05-02 12:48:20.234950,0,Low
2026-05-02 12:48:20.521712,0,Low
2026-05-02 12:48:20.820721,0,Low
2026-05-02 12:48:21.103818,0,Low
2026-05-02 12:48:21.377005,0,Low
2026-05-02 12:48:21.644331,0,Low
2026-05-02 12:48:21.917888,0,Low
2026-05-02 12:48:22.223896,0,Low
2026-05-02 12:48:22.495737,0,Low
2026-05-02 12:48:22.801975,0,Low
2026-05-02 12:48:23.075251,0,Low
2026-05-02 12:48:23.382563,0,Low
2026-05-02 12:48:23.681840,0,Low
2026-05-02 12:48:23.980891,0,Low
2026-05-02 12:48:24.288379,0,Low
2026-05-02 12:48:24.603499,0,Low
2026-05-02 12:48:24.885337,0,Low
2026-05-02 12:48:25.166295,0,Low
2026-05-02 12:48:25.452665,0,Low
2026-05-02 12:48:25.730132,0,Low
2026-05-02 12:48:26.036635,0,Low
2026-05-02 12:48:26.355806,0,Low
2026-05-02 12:48:26.685368,0,Low
2026-05-02 12:48:27.005251,0,Low
2026-05-02 12:48:27.321289,0,Low
2026-05-02 12:48:27.640094,0,Low
2026-05-02 12:48:27.952437,0,Low
2026-05-02 12:48:28.279067,0,Low
2026-05-02 12:48:28.620172,0,Low
2026-05-02 12:48:28.917738,0,Low
2026-05-02 12:48:29.238615,0,Low
2026-05-02 12:48:29.553491,0,Low
2026-05-02 12:48:29.853067,0,Low
2026-05-02 12:48:30.208903,0,Low
2026-05-02 12:48:30.528816,0,Low
2026-05-02 12:48:30.838474,0,Low
2026-05-02 12:48:31.177722,0,Low
2026-05-02 12:48:31.500650,0,Low
2026-05-02 12:48:31.809669,0,Low
2026-05-02 12:48:32.116150,0,Low
2026-05-02 12:48:32.463147,0,Low
2026-05-02 12:48:32.779100,0,Low
2026-05-02 12:48:33.093583,0,Low
2026-05-02 12:48:33.417171,0,Low
2026-05-02 12:48:33.780103,0,Low
2026-05-02 12:48:34.100968,0,Low
2026-05-02 12:48:34.430305,0,Low
2026-05-02 12:48:34.783807,0,Low
2026-05-02 12:48:35.134178,0,Low
2026-05-02 12:48:35.480308,0,Low
2026-05-02 12:48:35.794212,0,Low
2026-05-02 12:48:36.106536,0,Low
2026-05-02 12:48:36.392079,0,Low
2026-05-02 12:48:36.685735,0,Low
2026-05-02 12:48:36.950804,0,Low
2026-05-02 12:48:37.263753,0,Low
2026-05-02 12:48:37.585887,0,Low
2026-05-02 12:48:37.918064,0,Low
2026-05-02 12:48:38.234335,0,Low
2026-05-02 12:48:38.563100,0,Low
2026-05-02 12:48:38.864157,0,Low
2026-05-02 12:48:39.159512,0,Low
2026-05-02 12:48:39.452570,0,Low
2026-05-02 12:48:39.786453,0,Low
2026-05-02 12:48:40.067560,0,Low
2026-05-02 12:48:40.371866,0,Low
2026-05-02 12:48:40.695933,0,Low
2026-05-02 12:48:40.966173,0,Low
2026-05-02 12:48:41.261595,0,Low
2026-05-02 12:48:41.574647,0,Low
2026-05-02 12:48:41.863771,0,Low
2026-05-02 12:48:42.377486,0,Low
